#       uk-domain-table
#       uk-local-names
ucl-cs:ucl-cs
44a:44a
44b:44b
44c:44c
44d:44d
44e:44e
vax1:vax1
vax2:vax2
ucl:ucl-cs
zuxa:ucl-cs
zuxa80:ucl-cs
research:ucl-cs
nss:ucl-cs
unknown-host:ucl-cs
2005100.ucl-cs.ftp.mail:ucl-cs
32.ucl-cs.ftp.mail:ucl-cs
000000000032.ucl-cs.ftp.mail:ucl-cs
5111600.ucl-cs.ftp.mail:ucl-cs
000005111600.ucl-cs.ftp.mail:ucl-cs
zuxa.ucl-cs.ftp:ucl-cs
zuxa.ucl-cs.ftp.mail:ucl-cs
zuxc.ucl-cs.ftp:ucl-cs
zuxc.ucl-cs.ftp.mail:ucl-cs
serc.zuxa.ucl-cs.ftp.mail:ucl-cs
pss.zuxa.ucl-cs.ftp.mail:ucl-cs
x25.234219200300.ucl-cs.ftp.mail:ucl-cs
x25.234219200300.uclcs.ftp.mail:ucl-cs
x25.234219200300.ucl-cs.ftp:ucl-cs
x25.234219200300.uclcs.ftp:ucl-cs
234219200300.ucl-cs.ftp.mail:ucl-cs
234219200300.uclcs.ftp.mail:ucl-cs
234219200300.ucl-cs.ftp:ucl-cs
234219200300.uclcs.ftp:ucl-cs
zuxc:ucl-cs
ucl-niftp:ucl-cs
ucl-tg:ucl-cs
pss-src-gtway:ucl-cs
pss-serc-gateway:ucl-cs
uclcs:ucl-cs
ucl-ean:ucl-ean.ac.uk
ean:ucl-ean.ac.uk
#
#       names-over-serc-ring
44d:44d/ftp
ucl-cs:ucl-cs
ucl:ucl-cs
ucl-cs(44d):ucl-44d
ucl-44d:ucl-44d
#
#       serc-names
aberdeen:aberdeen
abdn:aberdeen
abxa:aberdeen
aere:aere
harwell:aere
apca:apca
are-pn:are-pn
aston:aston
vaxa.aston:aston
baca:baca
bapa:bapa
bdga:bdga
bdgb:bdgb
bedford:bedford
bgxa:bgxa
bihi3:bihi3
bihi4:bihi4
biht:biht
idqb:idqb
idqc:idqc
iclkids:iclkids
iclp:iclkids
keca:keca
# ktda:ktda   see eagle
kwga:kwga
kwga:kwga
vax1.central.lancaster:vax1.central.lancaster
icl.central.lancaster:icl.central.lancaster
computing.lancaster:computing.lancaster
engineering.lancaster:engineering.lancaster
lancaster:vax1.central.lancaster
lanc:lancaster
vax1.cent.lanc:vax1.central.lancaster
icl.cent.lanc:icl.central.lancaster
comp.lanc:computing.lancaster
eng.lanc:engineering.lancaster
lava:lava
lawa:lawa
leva:leva
levc:levc
lhgu:lhgu
vax1.livuniv:vax1.livuniv
liverpool:vax1.livuniv
luva:vax1.livuniv
loughborough:loughborough
llga:llga
llgb:llgb
llia:llia
lnxa:lnxa
ltga:ltga
nmpa:nmpa
nnga:nnga
hcig.nott:hcig.nott
hcig.nottingham:hcig.nott
hcig:hcig.nott
nott:nott hcig.nott
nottingham:nott hcig.nott
nsga:nsga
nsxa:nsxa
vax1.ox:vax1.ox
vax2.ox:vax2.ox
vax3.ox:vax3.ox
prgv.ox:prgv.ox
prgg.ox:prgg.ox
prg.ox:prg.ox
sevax.prg.oxford:prgv.ox
segec.prg.oxford:prgg.ox
prg.oxford:prg.ox
qec:qec
cu.qec:qec
qmc:qmc
qmc-csvax:qmc-csvax
ccvax.qub:ccvax.qub
belfast:ccvax.qub
qubccvax:ccvax.qub
quva:quva
quxa:quxa
micro.rdg:micro.rdg
reading:micro.rdg
rega:rega
revs:revs
rgga:rgga
zuxa:zuxa
zuxb:zuxb
zuxc:zuxc
zuxu:zuxu
#   odd synonyms
abbot:ykdc
bishop:ykdd
cannon:ykdf
ercc:edxa
farmer:ykxb
ral:rlgb
rl:rlgb
york:ykxa
#
#       serc-hosts-relayed
alvey:alvey,rlgm
dlia:dlia,rlgb
rlia:rlia,rlgb
rlib:rlib,rlgb
rlid:rlid,rlgb
camphx:camphx,caga
caxa:camphx,caga
camring:camring,camjenny.ac.uk,caga
camjenny:camjenny,caga
camsteve:camsteve,caga
cavj:cavj
cuedvax:cuedvax,caga
ecsvax:ecsvax,edxa
rco:rco
edxd:rco
edinburgh:rco
ucl-cc:ucl-cc,caga
euclid:ucl-cc,caga
ykda:ykda,ykxa
yorkcom:yorkcom,ykxa
#
# ukc hosts
eagle:eagle
eagle.ukc:eagle
ktda:eagle
kent:eagle
ukc:ukc
emas.ukc:emas.ukc
#
#       pss-host-names
aucc:aucc
cardiff:cardiff
cardf:cardiff
essex:essex
gecd:gecd
hatfield:hatfield
rsre:rsre
st-andrews:st-andrews
stand:st-andrews
uwist:uwist
r-d.salford:r-d.salford
salford:r-d.salford
#
#       telex bits
# telex: "\"TELEX(ZUSK,ZUSK)\"" telex-service 44a
# ucl-telex: 28722 "\"TELEX(ZUSK,ZUSK)\"" telex-service 44a
#
#       teletex hosts
# ucl-teletex:ucl-teletex 44e
# logica-teletex:logica-teletex 44e
# gec-teletex:gec-teletex 44e
# btrl-teletex:btrl-teletex 44e
# logica:logica-teletex 44e
# btrl:btrl-teletex 44e
# gec:gec-teletex 44e
#
