ucl-cs:ucl-cs
ucl-cs-mailnet:ucl-cs
carnegie:carnegie.mailnet,mit-multics.arpa
cornella:cornella.mailnet,mit-multics.arpa
dickinson:dickinson.mailnet,mit-multics.arpa
durham:durham.mailnet,mit-multics.arpa
educom:educom.mailnet,mit-multics.arpa
harvard:harvard.mailnet,mit-multics.arpa
iowa-state:iowa-state.mailnet,mit-multics.arpa
maccwisc:maccwisc.mailnet,mit-multics.arpa
newcastle:newcastle.mailnet,mit-multics.arpa
numac:newcastle.mailnet,mit-multics.arpa
njit-eies:njit-eies.mailnet,mit-multics.arpa
njit:njit-eies.mailnet,mit-multics.arpa
northwestern:northwestern.mailnet,mit-multics.arpa
oden:oden.mailnet,mit-multics.arpa
qucdn:qucdn.mailnet,mit-multics.arpa
qz-com:oden.mailnet,mit-multics.arpa
qzcom:oden.mailnet,mit-multics.arpa
rpi-mts:rpi-mts.mailnet,mit-multics.arpa
scal:scal.mailnet,mit-multics.arpa
stanford:stanford.mailnet,mit-multics.arpa
swarthmore:swarthmore.mailnet,mit-multics.arpa
uchicago:uchicago.mailnet,mit-multics.arpa
umich-mts:umich-mts.mailnet,mit-multics.arpa
union:union.mailnet,mit-multics.arpa
merit:umich-mts.mailnet,mit-multics.arpa
